{
    "options": [
        {
            "code": "RDQA",
            "name": "RDQA",
            "id": "QR0HHcQri91",
            "sortOrder": 1,
            "optionSet": {"id": "TOcCuCN2CLm"},
            "attributeValues": [],
            "translations": []
        }
    ],
    "optionSets": [
        {
            "name": "DB - Program Type",
            "id": "TOcCuCN2CLm",
            "version": 2,
            "valueType": "TEXT",
            "attributeValues": [],
            "translations": [],
            "options": [
                {"id": "QR0HHcQri91"}
            ]
        }
    ],
    "attributes": [
        {
            "id": "KMjQeoqJjsj",
            "name": "HeaderTitle",
            "shortName": "HeaderTitle",
            "code": "HeaderTitle",
            "indicatorAttribute": false,
            "indicatorGroupAttribute": false,
            "userGroupAttribute": false,
            "dataElementAttribute": false,
            "constantAttribute": false,
            "valueType": "TEXT",
            "categoryOptionAttribute": false,
            "optionSetAttribute": false,
            "sqlViewAttribute": false,
            "legendSetAttribute": false,
            "trackedEntityAttributeAttribute": false,
            "organisationUnitAttribute": false,
            "dataSetAttribute": false,
            "documentAttribute": false,
            "unique": false,
            "validationRuleGroupAttribute": false,
            "dataElementGroupAttribute": false,
            "sectionAttribute": false,
            "trackedEntityTypeAttribute": false,
            "userAttribute": false,
            "mandatory": false,
            "categoryOptionGroupAttribute": false,
            "programStageAttribute": true,
            "programAttribute": false,
            "categoryAttribute": false,
            "categoryOptionComboAttribute": false,
            "categoryOptionGroupSetAttribute": false,
            "validationRuleAttribute": false,
            "programIndicatorAttribute": false,
            "organisationUnitGroupAttribute": false,
            "dataElementGroupSetAttribute": false,
            "organisationUnitGroupSetAttribute": false,
            "optionAttribute": false,
            "translations": []
        },
        {
            "id": "yhKEe6BLEer",
            "name": "FeedbackText",
            "shortName": "FeedbackText",
            "code": "FeedbackText",
            "indicatorAttribute": false,
            "indicatorGroupAttribute": false,
            "userGroupAttribute": false,
            "dataElementAttribute": true,
            "constantAttribute": false,
            "valueType": "LONG_TEXT",
            "categoryOptionAttribute": false,
            "optionSetAttribute": false,
            "sqlViewAttribute": false,
            "legendSetAttribute": false,
            "trackedEntityAttributeAttribute": false,
            "organisationUnitAttribute": false,
            "dataSetAttribute": false,
            "documentAttribute": false,
            "unique": false,
            "validationRuleGroupAttribute": false,
            "dataElementGroupAttribute": false,
            "sectionAttribute": false,
            "trackedEntityTypeAttribute": false,
            "userAttribute": false,
            "mandatory": false,
            "categoryOptionGroupAttribute": false,
            "programStageAttribute": false,
            "programAttribute": false,
            "categoryAttribute": false,
            "categoryOptionComboAttribute": false,
            "categoryOptionGroupSetAttribute": false,
            "validationRuleAttribute": false,
            "programIndicatorAttribute": false,
            "organisationUnitGroupAttribute": false,
            "dataElementGroupSetAttribute": false,
            "organisationUnitGroupSetAttribute": false,
            "optionAttribute": false,
            "translations": []
        },
        {
            "id": "LP171jpctBm",
            "name": "FeedbackOrder",
            "shortName": "FeedbackOrder",
            "code": "FeedbackOrder",
            "indicatorAttribute": false,
            "indicatorGroupAttribute": false,
            "userGroupAttribute": false,
            "dataElementAttribute": true,
            "constantAttribute": false,
            "valueType": "TEXT",
            "categoryOptionAttribute": false,
            "optionSetAttribute": false,
            "sqlViewAttribute": false,
            "legendSetAttribute": false,
            "trackedEntityAttributeAttribute": false,
            "organisationUnitAttribute": false,
            "dataSetAttribute": false,
            "documentAttribute": false,
            "unique": false,
            "validationRuleGroupAttribute": false,
            "dataElementGroupAttribute": false,
            "sectionAttribute": false,
            "trackedEntityTypeAttribute": false,
            "userAttribute": false,
            "mandatory": false,
            "categoryOptionGroupAttribute": false,
            "programStageAttribute": false,
            "programAttribute": false,
            "categoryAttribute": false,
            "categoryOptionComboAttribute": false,
            "categoryOptionGroupSetAttribute": false,
            "validationRuleAttribute": false,
            "programIndicatorAttribute": false,
            "organisationUnitGroupAttribute": false,
            "dataElementGroupSetAttribute": false,
            "organisationUnitGroupSetAttribute": false,
            "optionAttribute": false,
            "translations": []
        },
        {
            "id": "yB5tFAAN7bI",
            "name": "PRG Program Type",
            "code": "PROGRAM_TYPE",
            "indicatorAttribute": false,
            "indicatorGroupAttribute": false,
            "userGroupAttribute": false,
            "dataElementAttribute": false,
            "constantAttribute": false,
            "valueType": "TEXT",
            "categoryOptionAttribute": false,
            "optionSetAttribute": false,
            "sqlViewAttribute": false,
            "legendSetAttribute": false,
            "trackedEntityAttributeAttribute": false,
            "organisationUnitAttribute": false,
            "dataSetAttribute": false,
            "documentAttribute": false,
            "unique": false,
            "validationRuleGroupAttribute": false,
            "dataElementGroupAttribute": false,
            "sectionAttribute": false,
            "trackedEntityTypeAttribute": false,
            "userAttribute": false,
            "mandatory": false,
            "categoryOptionGroupAttribute": false,
            "programStageAttribute": false,
            "programAttribute": true,
            "categoryAttribute": false,
            "categoryOptionComboAttribute": false,
            "categoryOptionGroupSetAttribute": false,
            "validationRuleAttribute": false,
            "programIndicatorAttribute": false,
            "organisationUnitGroupAttribute": false,
            "dataElementGroupSetAttribute": false,
            "organisationUnitGroupSetAttribute": false,
            "optionAttribute": false,
            "optionSet": {"id": "TOcCuCN2CLm"},
            "translations": []
        }
    ]
}